"rhoI","rI","hospital","community","cases.averted","baseline.cases","intervention.cases","prop.cases.averted","mult1.noint.cases","mult1.int.cases","treatment","rel.value"
1,1,0.0127181256460643,0.00777477350658594,597.723079402649,8223.9132140646,7626.19013466195,0.0726811025170376,8223.9132140646,7626.19013466195,"transmission reduction",0
1,1.10526315789474,0.0157014553928028,0.00918906354272405,489.491406358124,8223.76917015783,7734.2777637997,0.0595215400906893,8223.9132140646,7626.19013466195,"transmission reduction",1.31595624263483
1,1.21052631578947,0.018259409576128,0.0102906379511826,402.743575523486,8223.64890220455,7820.90532668107,0.0489738290523955,8223.9132140646,7626.19013466195,"transmission reduction",2.37072734646422
1,1.31578947368421,0.0204769019095922,0.0111657834575318,332.168685633552,8223.53605798252,7891.36737234897,0.040392439856954,8223.9132140646,7626.19013466195,"transmission reduction",3.22886626600836
1,1.42105263157895,0.0224174569561172,0.0118726345644399,274.002050477815,8223.43245700377,7949.43040652595,0.0333196693607487,8223.9132140646,7626.19013466195,"transmission reduction",3.93614331562889
1,1.52631578947368,0.0241296142241352,0.0124516239669813,225.51493788943,8223.34826292592,7997.83332503649,0.0274237367406826,8223.9132140646,7626.19013466195,"transmission reduction",4.5257365776355
1,1.63157894736842,0.0256510489537645,0.0129315716456598,184.690655895237,8223.26409950244,8038.5734436072,0.0224595311132488,8223.9132140646,7626.19013466195,"transmission reduction",5.02215714037888
1,1.73684210526316,0.0270116040744041,0.0133336046534121,150.010000060141,8223.19429209593,8073.18429203579,0.0182423027757389,8223.9132140646,7626.19013466195,"transmission reduction",5.44387997412987
1,1.84210526315789,0.028235159277641,0.0136734360611804,120.313532048403,8223.12329113309,8102.80975908469,0.014631123453802,8223.9132140646,7626.19013466195,"transmission reduction",5.80499790632357
1,1.94736842105263,0.0293411079769607,0.0139630149537981,94.7019270135688,8223.05671593387,8128.3547889203,0.0115166330824478,8223.9132140646,7626.19013466195,"transmission reduction",6.11644694345897
1,2.05263157894737,0.0303454014801852,0.0142115704257044,72.4697648920601,8223.00556728936,8150.5358023973,0.00881305069041186,8223.9132140646,7626.19013466195,"transmission reduction",6.38680518266258
1,2.15789473684211,0.0312611436785897,0.014426245950671,53.0577826144945,8222.95412950528,8169.89634689079,0.00645239919606442,8223.9132140646,7626.19013466195,"transmission reduction",6.62287033209732
1,2.26315789473684,0.0320993482166929,0.0146127284311624,36.0172245018248,8222.89994402785,8186.88271952603,0.00438011221673486,8223.9132140646,7626.19013466195,"transmission reduction",6.83009903003028
1,2.36842105263158,0.0328693131254833,0.0147755882497707,20.9845254745978,8222.85611909445,8201.87159361985,0.00255197527120404,8223.9132140646,7626.19013466195,"transmission reduction",7.01291272458336
1,2.47368421052632,0.0335788414670439,0.0149184591006884,7.66348925519014,8222.80997843883,8215.14648918364,0.000931979369009463,8223.9132140646,7626.19013466195,"transmission reduction",7.17491231480282
1,2.57894736842105,0.0340758328829289,0.0148300099633185,0.000797407901700353,8131.78173721312,8131.78093980522,9.80606621610624e-08,8223.9132140646,7626.19013466195,"transmission reduction",7.26810044563755
1.10526315789474,1,0.0148460356182251,0.00867023779127012,528.004016569449,8223.8450063299,7695.84098976045,0.064204033048172,8223.9132140646,7626.19013466195,"transmission reduction",0.847706946886562
1.10526315789474,1.10526315789474,0.0178339129378661,0.00999247969978191,424.937278732766,8223.69733971722,7798.76006098445,0.0516722905985956,8223.9132140646,7626.19013466195,"transmission reduction",2.10088119184421
1.10526315789474,1.21052631578947,0.0203806728617303,0.0110181023620711,342.775006742139,8223.56728197883,7880.79227523669,0.0416820334763112,8223.9132140646,7626.19013466195,"transmission reduction",3.09990690407265
1.10526315789474,1.31578947368421,0.0225766663076411,0.0118296174095542,276.273066940153,8223.4557652581,7947.18269831795,0.0335957381940731,8223.9132140646,7626.19013466195,"transmission reduction",3.90853643229645
1.10526315789474,1.42105263157895,0.0244889363424738,0.0124824227383848,221.731463908766,8223.3514116982,8001.61994778943,0.0269636371848758,8223.9132140646,7626.19013466195,"transmission reduction",4.57174653321618
1.10526315789474,1.52631578947368,0.0261684526685213,0.013014988167466,176.479519698595,8223.25719490627,8046.77767520767,0.0214610239611515,8223.9132140646,7626.19013466195,"transmission reduction",5.12200785558861
1.10526315789474,1.63157894736842,0.0276545987259647,0.0134546996562036,138.551229691826,8223.17300498498,8084.62177529315,0.0168488769004172,8223.9132140646,7626.19013466195,"transmission reduction",5.58322256166204
1.10526315789474,1.73684210526316,0.0289783984974075,0.0138215746568741,106.472027048701,8223.10441690654,8116.63238985784,0.0129479113544753,8223.9132140646,7626.19013466195,"transmission reduction",5.97331911625623
1.10526315789474,1.84210526315789,0.0301645124799829,0.0141304350290028,79.1210579910103,8223.03542930782,8143.91437131681,0.00962187973908198,8223.9132140646,7626.19013466195,"transmission reduction",6.30592227779556
1.10526315789474,1.94736842105263,0.0312329477988217,0.0143925831398925,55.630843322333,8222.97932247655,8167.34847915422,0.00676529043071684,8223.9132140646,7626.19013466195,"transmission reduction",6.59158120863208
1.10526315789474,2.05263157894737,0.0321999550303523,0.014616618935141,35.3251742526581,8222.91377637131,8187.58860211865,0.00429594365371624,8223.9132140646,7626.19013466195,"transmission reduction",6.83851588633214
1.10526315789474,2.15789473684211,0.0330790460983948,0.0148093656326648,17.6662865995659,8222.86502837136,8205.1987417718,0.00214843446154252,8223.9132140646,7626.19013466195,"transmission reduction",7.05326680554951
1.10526315789474,2.26315789473684,0.0338813780864292,0.0149760896857441,2.22734605329606,8222.81279435372,8220.58544830042,0.000270873983027498,8223.9132140646,7626.19013466195,"transmission reduction",7.24102285340101
1.10526315789474,2.36842105263158,0.0341883349558846,0.01456804292423,1.03458860394312e-05,7991.52253687351,7991.52252652762,1.29460762848312e-09,8223.9132140646,7626.19013466195,"transmission reduction",7.268110122243
1.21052631578947,1,0.0168759102915988,0.00947353821344651,464.394723016468,8223.77410352234,7759.37938050587,0.0564697810482856,8223.9132140646,7626.19013466195,"transmission reduction",1.6211321468752
1.21052631578947,1.10526315789474,0.0198494035500142,0.0107112499667729,366.302750919639,8223.62401414158,7857.32126322194,0.044542740559361,8223.9132140646,7626.19013466195,"transmission reduction",2.81383619576767
1.21052631578947,1.21052631578947,0.0223703272032145,0.011667432073736,288.517684973554,8223.49716164824,7934.97947667469,0.035084548495877,8223.9132140646,7626.19013466195,"transmission reduction",3.75965540211607
1.21052631578947,1.31578947368421,0.0245333977559257,0.0124209675334433,225.872274582169,8223.38227077914,7997.50999619698,0.027467077066912,8223.9132140646,7626.19013466195,"transmission reduction",4.52140254501256
1.21052631578947,1.42105263157895,0.0264085645197611,0.0130247264532333,174.739275511158,8223.27829266826,8048.5390171571,0.0212493447615597,8223.9132140646,7626.19013466195,"transmission reduction",5.14317577554779
1.21052631578947,1.52631578947368,0.0280486741057553,0.0135153245382491,132.510777257556,8223.19285789957,8090.68208064201,0.0161142733178463,8223.9132140646,7626.19013466195,"transmission reduction",5.65668291991913
1.21052631578947,1.63157894736842,0.0294943236876936,0.0139187382502275,97.2752523290201,8223.10352990662,8125.8282775776,0.0118295059736558,8223.9132140646,7626.19013466195,"transmission reduction",6.08515965433819
1.21052631578947,1.73684210526316,0.0307774017944659,0.0142539496433319,67.6039629634843,8223.02036907324,8155.41640610975,0.00822130554579953,8223.9132140646,7626.19013466195,"transmission reduction",6.44597969712382
1.21052631578947,1.84210526315789,0.0319232092855775,0.0145350414402052,42.4132219614266,8222.95563934409,8180.54241738267,0.00515790475124219,8223.9132140646,7626.19013466195,"transmission reduction",6.75231977657954
1.21052631578947,1.94736842105263,0.0329520649587623,0.0147726208934799,20.8697613157765,8222.89584685801,8202.02608554224,0.00253800628202665,8223.9132140646,7626.19013466195,"transmission reduction",7.0143096235011
1.21052631578947,2.05263157894737,0.0338805405127876,0.0149748477593254,2.32382420937392,8222.84525425989,8220.52143005052,0.000282605854484499,8223.9132140646,7626.19013466195,"transmission reduction",7.23984966625532
1.21052631578947,2.15789473684211,0.0342120140339186,0.0145117471703143,6.35640481050359e-06,7961.39273425108,7961.39272789467,7.98403623923413e-10,8223.9132140646,7626.19013466195,"transmission reduction",7.2681101718634
1.31578947368421,1,0.0188073635300999,0.0101986126747131,406.107453351893,8223.70595197989,7817.598498628,0.0493825357719801,8223.9132140646,7626.19013466195,"transmission reduction",2.32985667450575
1.31578947368421,1.10526315789474,0.0217520872780944,0.0113585116997956,312.789982013786,8223.54885241313,7910.75887039935,0.0380358878663438,8223.9132140646,7626.19013466195,"transmission reduction",3.46452146506938
1.31578947368421,1.21052631578947,0.024236338190613,0.0122510315636015,239.169651742826,8223.41678642774,7984.24713468491,0.0290839754270465,8223.9132140646,7626.19013466195,"transmission reduction",4.35971270899911
1.31578947368421,1.31578947368421,0.0263583635406056,0.0129516072823048,180.168855702541,8223.30192010773,8043.13306440519,0.0219095513521144,8223.9132140646,7626.19013466195,"transmission reduction",5.07715511649233
1.31578947368421,1.42105263157895,0.0281903654258899,0.0135107210014731,132.236554247726,8223.20246680546,8090.96591255774,0.0160809070166427,8223.9132140646,7626.19013466195,"transmission reduction",5.6600195500395
1.31578947368421,1.52631578947368,0.0297865535979545,0.0139631828806682,92.8330987529962,8223.10444118856,8130.27134243556,0.0112893007035161,8223.9132140646,7626.19013466195,"transmission reduction",6.13918018135216
1.31578947368421,1.63157894736842,0.0311885600969604,0.014333793091998,60.0994019966965,8223.02668354934,8162.92728155265,0.0073086716496894,8223.9132140646,7626.19013466195,"transmission reduction",6.53724308673482
1.31578947368421,1.73684210526316,0.032428748795136,0.0146404496566809,32.6563001306085,8222.94401084002,8190.28771070942,0.00397136355149188,8223.9132140646,7626.19013466195,"transmission reduction",6.87097389655458
1.31578947368421,1.84210526315789,0.0335328215049228,0.0148965159245792,9.45795482132962,8222.87303714171,8213.41508232038,0.00115020076056254,8223.9132140646,7626.19013466195,"transmission reduction",7.15309017564751
1.31578947368421,1.94736842105263,0.0341488640813426,0.0146610957343274,2.00311660591979e-07,8041.38570633563,8041.38570613531,2.49100923531323e-11,8223.9132140646,7626.19013466195,"transmission reduction",7.26811024921276
1.42105263157895,1,0.0206425709931816,0.0108566838303437,352.48686607671,8223.63816573728,7871.15129966057,0.0428626429048521,8223.9132140646,7626.19013466195,"transmission reduction",2.98184596121855
1.42105263157895,1.10526315789474,0.0235477355245137,0.0119448570005268,263.7370986346,8223.47675325372,7959.73965461912,0.0320712402488703,8223.9132140646,7626.19013466195,"transmission reduction",4.06098622681673
1.42105263157895,1.21052631578947,0.0259874458920764,0.0127788949600261,194.072840686534,8223.34691912584,8029.2740784393,0.0236002253820959,8223.9132140646,7626.19013466195,"transmission reduction",4.90808771349417
1.42105263157895,1.31578947368421,0.0280627129492575,0.0134309612415145,138.511703645098,8223.22401848368,8084.71231483858,0.0168439657406584,8223.9132140646,7626.19013466195,"transmission reduction",5.58371367763792
1.42105263157895,1.42105263157895,0.0298474986781891,0.0139492938686709,93.5843224029632,8223.12496016021,8129.54063775725,0.0113806275420068,8223.9132140646,7626.19013466195,"transmission reduction",6.13004749750308
1.42105263157895,1.52631578947368,0.0313970317134346,0.0143670677064605,56.8182248179728,8223.02603664329,8166.20781182531,0.00690964914433939,8223.9132140646,7626.19013466195,"transmission reduction",6.57714533726983
1.42105263157895,1.63157894736842,0.0327535801845889,0.0147078445295448,26.4127884672143,8222.94491980935,8196.53213134213,0.0032120838367268,8223.9132140646,7626.19013466195,"transmission reduction",6.94690186803109
1.42105263157895,1.73684210526316,0.0339498691158655,0.0149886415688342,1.03352221245586,8222.86274651224,8221.82922429978,0.000125688856097499,8223.9132140646,7626.19013466195,"transmission reduction",7.25554136609401
1.52631578947368,1,0.022385221853248,0.0114569308249854,302.982276426183,8223.56474211568,7920.5824656895,0.0368431800475173,8223.9132140646,7626.19013466195,"transmission reduction",3.58379224695203
1.52631578947368,1.10526315789474,0.0252427118982792,0.0124788201868433,218.595333118929,8223.39881448895,8004.80348137002,0.0265821150171852,8223.9132140646,7626.19013466195,"transmission reduction",4.60989874998525
1.52631578947368,1.21052631578947,0.0276322252882022,0.0132590140199367,152.683283925063,8223.26881678441,8070.58553285934,0.0185672251907201,8223.9132140646,7626.19013466195,"transmission reduction",5.41138773263174
1.52631578947368,1.31578947368421,0.0296569283808027,0.0138665865246895,100.365917594119,8223.15277447802,8122.7868568839,0.0122052843169377,8223.9132140646,7626.19013466195,"transmission reduction",6.04758182001
1.52631578947368,1.42105263157895,0.0313919692686464,0.0143475917133689,58.2583429087945,8223.04999621393,8164.79165330513,0.00708476087773003,8223.9132140646,7626.19013466195,"transmission reduction",6.55963416393076
1.52631578947368,1.52631578947368,0.0328933242071899,0.0147336867645341,23.9570616190704,8222.95065922878,8198.99359760971,0.00291343857112688,8223.9132140646,7626.19013466195,"transmission reduction",6.97676639459107
1.52631578947368,1.63157894736842,0.0340549590527747,0.0148769199369457,1.88112062460277e-06,8156.98127147323,8156.98126959211,2.30614802461478e-10,8223.9132140646,7626.19013466195,"transmission reduction",7.26811022864229
1.63157894736842,1,0.0240397561452216,0.0120069168652665,257.126401849428,8223.48222741048,7966.35582556105,0.0312673384265822,8223.9132140646,7626.19013466195,"transmission reduction",4.14137640904554
1.63157894736842,1.10526315789474,0.0268437734824201,0.0129675616808252,176.898389628399,8223.34083103175,8046.44244140335,0.0215117424004672,8223.9132140646,7626.19013466195,"transmission reduction",5.11693601165705
1.63157894736842,1.21052631578947,0.0291791023237386,0.0136980341516631,114.544954089674,8223.20202466552,8108.65707057585,0.0139294831558432,8223.9132140646,7626.19013466195,"transmission reduction",5.87516193611944
1.63157894736842,1.31578947368421,0.0311507003223679,0.0142646344760553,65.2870215253024,8223.07927701101,8157.79225548571,0.00793948584538436,8223.9132140646,7626.19013466195,"transmission reduction",6.47416166716532
1.63157894736842,1.42105263157895,0.0328345797745133,0.0147113726169699,25.82707920955,8222.97087561914,8197.14379640959,0.0031408452735892,8223.9132140646,7626.19013466195,"transmission reduction",6.95402572434485
1.63157894736842,1.52631578947368,0.0340749995919138,0.014831695595224,4.74325770483119e-06,8132.78314495753,8132.78314021427,5.83226875755577e-10,8223.9132140646,7626.19013466195,"transmission reduction",7.26811019338107
1.73684210526316,1,0.0256111837020793,0.0125130740640662,214.518458508141,8223.42273692238,8008.90427841424,0.0260862739726335,8223.9132140646,7626.19013466195,"transmission reduction",4.65948285444041
1.73684210526316,1.10526315789474,0.0283572723226387,0.0134168147824248,138.25703358128,8223.26752760653,8085.01049402525,0.0168129071706756,8223.9132140646,7626.19013466195,"transmission reduction",5.5868195346362
1.73684210526316,1.21052631578947,0.0306358484272261,0.0141013537628962,79.2750526606942,8223.12690930048,8143.85185663978,0.00964049971927746,8223.9132140646,7626.19013466195,"transmission reduction",6.30406027977601
1.73684210526316,1.31578947368421,0.0325529369303167,0.014630186010259,32.9027365254142,8223.00303891517,8190.10030238976,0.00400130419138881,8223.9132140646,7626.19013466195,"transmission reduction",6.86797983256489
1.73684210526316,1.42105263157895,0.0340470037093908,0.0148949670144653,1.3542949091061e-06,8166.67471699542,8166.67471564113,1.65831866216946e-10,8223.9132140646,7626.19013466195,"transmission reduction",7.26811023512057
1.84210526315789,1,0.0271043121516797,0.0129806285584823,174.817984851484,8223.35471165386,8048.53672680237,0.0212587187323609,8223.9132140646,7626.19013466195,"transmission reduction",5.14223837846768
1.84210526315789,1.10526315789474,0.0297895530727444,0.0138315444398602,102.334603184087,8223.19458449136,8120.85998130728,0.0124446286820314,8223.9132140646,7626.19013466195,"transmission reduction",6.02364738350062
1.84210526315789,1.21052631578947,0.0320097942232915,0.0144735522678725,46.5470997476777,8223.05649565694,8176.50939590926,0.00566055940054187,8223.9132140646,7626.19013466195,"transmission reduction",6.70205431164957
1.84210526315789,1.31578947368421,0.0338717272729187,0.0149675017142041,2.89643039501061,8222.93104527306,8220.03461487805,0.00035223819573139,8223.9132140646,7626.19013466195,"transmission reduction",7.23288643213063
1.94736842105263,1,0.0285240507642041,0.0134141092051178,137.728462343594,8223.28529790835,8085.55683556475,0.0167485934579731,8223.9132140646,7626.19013466195,"transmission reduction",5.59325090590646
1.94736842105263,1.10526315789474,0.0311465469787798,0.0142159118433748,68.8420428779373,8223.12486652864,8154.2828236507,0.00837176182963627,8223.9132140646,7626.19013466195,"transmission reduction",6.43093406874014
1.94736842105263,1.21052631578947,0.0333076359228206,0.0148184614735679,16.0817890241797,8222.98617315491,8206.90438413073,0.00195571154876569,8223.9132140646,7626.19013466195,"transmission reduction",7.07253909682719
2.05263157894737,1,0.0298751877906538,0.0138174276580503,102.990040536267,8223.22717385977,8120.23713332351,0.0125242849745967,8223.9132140646,7626.19013466195,"transmission reduction",6.0156817542441
2.05263157894737,1.10526315789474,0.0324337850773587,0.0145734530446623,37.5293391251962,8223.05607454995,8185.52673542476,0.00456391623563751,8223.9132140646,7626.19013466195,"transmission reduction",6.81171862814001
2.05263157894737,1.21052631578947,0.0341239474133324,0.0147194578133801,7.83669420343358e-05,8072.74389166396,8072.74381329702,9.70759670887846e-09,8223.9132140646,7626.19013466195,"transmission reduction",7.26810928094409
2.15789473684211,1,0.0311621161821554,0.0141938155074485,70.379779075527,8223.15356212955,8152.77378305402,0.00855873340364822,8223.9132140646,7626.19013466195,"transmission reduction",6.41223691133894
2.15789473684211,1.10526315789474,0.0336564556314412,0.0149071970137296,8.18053706897626,8222.99308809469,8214.81255102571,0.000994836914166948,8223.9132140646,7626.19013466195,"transmission reduction",7.16862656028707
2.26315789473684,1,0.0323891921292349,0.0145462126275585,39.6978479844129,8223.08448390245,8183.38663591804,0.00482761037687568,8223.9132140646,7626.19013466195,"transmission reduction",6.7853492140162
2.26315789473684,1.10526315789474,0.0341786459163475,0.0145907626950231,7.20175194146577e-07,8003.85376839274,8003.85376767256,8.99785547045541e-11,8223.9132140646,7626.19013466195,"transmission reduction",7.26811024270591
2.36842105263158,1,0.0335604147014828,0.0148771011154443,10.7704097285095,8223.01762675363,8212.24721702512,0.0013097879899306,8223.9132140646,7626.19013466195,"transmission reduction",7.1371314527107
2.47368421052632,1,0.0341416260659966,0.0146775755075686,9.5258656074293e-08,8050.36571563158,8050.36571553632,1.18328358535721e-11,8223.9132140646,7626.19013466195,"transmission reduction",7.26811025052048
1,1,0.0100792573252567,0.00588483159226967,719.120303085755,8223.9132140646,7504.79291097884,0.0874425938561596,8223.9132140646,7504.79291097884,"decolonization",0
1,1.10526315789474,0.0105542068478866,0.00617922298508133,694.726022046171,8223.76917015783,7529.04314811165,0.0844778115328398,8223.9132140646,7504.79291097884,"decolonization",0.296478232331976
1,1.21052631578947,0.0108988928111094,0.00639561209196405,676.403916407866,8223.64890220455,7547.24498579669,0.0822510693794988,8223.9132140646,7504.79291097884,"decolonization",0.519152447666082
1,1.31578947368421,0.0111453036081883,0.00655310319303027,662.646008087565,8223.53605798252,7560.89004989496,0.0805792062459968,8223.9132140646,7504.79291097884,"decolonization",0.686338761016281
1,1.42105263157895,0.0113166404063646,0.00666561870969706,652.374207031799,8223.43245700377,7571.05824997197,0.07933113215713,8223.9132140646,7504.79291097884,"decolonization",0.811146169902954
1,1.52631578947368,0.0114300189062001,0.00674345015762197,644.800871932432,8223.34826292592,7578.54739099349,0.078410989212198,8223.9132140646,7504.79291097884,"decolonization",0.903160464396158
1,1.63157894736842,0.0114981806375746,0.0067942510490926,639.338393618952,8223.26409950244,7583.92570588349,0.0777475204350589,8223.9132140646,7504.79291097884,"decolonization",0.969507342110065
1,1.73684210526316,0.0115308735554549,0.00682389156665632,635.541301135653,8223.19429209593,7587.65299096028,0.0772864264859375,8223.9132140646,7504.79291097884,"decolonization",1.01561673702221
1,1.84210526315789,0.0115355570799803,0.00683684194056635,633.067078226618,8223.12329113309,7590.05621290647,0.0769862077720819,8223.9132140646,7504.79291097884,"decolonization",1.04563860840777
1,1.94736842105263,0.0115180737058626,0.00683660669611429,631.649212034917,8223.05671593387,7591.40750389895,0.0768144053793239,8223.9132140646,7504.79291097884,"decolonization",1.06281884768357
1,2.05263157894737,0.0114830777896777,0.00682597032198299,631.078562521274,8223.00556728936,7591.92700476809,0.0767454864717188,8223.9132140646,7504.79291097884,"decolonization",1.06971073844409
1,2.15789473684211,0.0114341644111319,0.0068070688383908,631.188090493319,8222.95412950528,7591.76603901196,0.076759286328561,8223.9132140646,7504.79291097884,"decolonization",1.06833075275986
1,2.26315789473684,0.0113742687537773,0.00678164623443741,631.84418796582,8222.89994402785,7591.05575606203,0.0768395812020938,8223.9132140646,7504.79291097884,"decolonization",1.06030126540658
1,2.36842105263158,0.0113057917352323,0.00675113176979144,632.939491041147,8222.85611909445,7589.9166280533,0.0769731929969425,8223.9132140646,7504.79291097884,"decolonization",1.04694008592171
1,2.47368421052632,0.0112306159191847,0.00671663260618191,634.386011788607,8222.80997843883,7588.42396665023,0.0771495405405258,8223.9132140646,7504.79291097884,"decolonization",1.02930533156338
1,2.57894736842105,0.0108594252005942,0.00643540434912643,635.41785715585,8131.78173721312,7496.36388005727,0.0781400531507155,8223.9132140646,7504.79291097884,"decolonization",0.930254070544412
1.10526315789474,1,0.0105368828712988,0.00602904332829653,704.247296235188,8223.8450063299,7519.59771009471,0.0856347968247368,8223.9132140646,7504.79291097884,"decolonization",0.180779703142275
1.10526315789474,1.10526315789474,0.0109241160758263,0.00626559936014494,683.943491231705,8223.69733971722,7539.75384848551,0.0831673957562284,8223.9132140646,7504.79291097884,"decolonization",0.427519809993115
1.10526315789474,1.21052631578947,0.011188632993697,0.00643026530223942,669.242109282343,8223.56728197883,7554.32517269649,0.081380997605373,8223.9132140646,7504.79291097884,"decolonization",0.606159625078662
1.10526315789474,1.31578947368421,0.0113614935744415,0.00654123676346899,658.722103451944,8223.4557652581,7564.73366180616,0.0801028329519165,8223.9132140646,7504.79291097884,"decolonization",0.733976090424315
1.10526315789474,1.42105263157895,0.0114649674676066,0.00661159182326597,651.370162632631,8223.3514116982,7571.98124906557,0.0792098172657463,8223.9132140646,7504.79291097884,"decolonization",0.823277659041333
1.10526315789474,1.52631578947368,0.0115154536231392,0.00665097040010828,646.448343328961,8223.25719490627,7576.80885157731,0.0786122004951262,8223.9132140646,7504.79291097884,"decolonization",0.883039336103342
1.10526315789474,1.63157894736842,0.0115251191011306,0.00666651598855023,643.408945683978,8223.17300498498,7579.764059301,0.0782433916073439,8223.9132140646,7504.79291097884,"decolonization",0.919920224881576
1.10526315789474,1.73684210526316,0.0115032558809643,0.00666368583965374,641.837906489179,8223.10441690654,7581.26651041736,0.0780529923917265,8223.9132140646,7504.79291097884,"decolonization",0.938960146443313
1.10526315789474,1.84210526315789,0.0114568602406168,0.00664656140088518,641.418675035774,8223.03542930782,7581.61675427205,0.0780026646546707,8223.9132140646,7504.79291097884,"decolonization",0.943992920148895
1.10526315789474,1.94736842105263,0.0113915001542122,0.00661840479456575,641.905555136392,8222.97932247655,7581.07376734016,0.078062406575901,8223.9132140646,7504.79291097884,"decolonization",0.938018728025858
1.10526315789474,2.05263157894737,0.0113114054477014,0.00658166034501886,643.106284837194,8222.91377637131,7579.80749153411,0.078209051234998,8223.9132140646,7504.79291097884,"decolonization",0.923354262116161
1.10526315789474,2.15789473684211,0.0112200618921644,0.00653837518243116,644.868548427607,8222.86502837136,7577.99647994376,0.0784238274862369,8223.9132140646,7504.79291097884,"decolonization",0.901876636992271
1.10526315789474,2.26315789473684,0.011120133226399,0.00649006857146906,647.071641139512,8222.81279435372,7575.7411532142,0.0786922501244138,8223.9132140646,7504.79291097884,"decolonization",0.875034373174588
1.10526315789474,2.36842105263158,0.0102246312003919,0.00581244455747764,647.542037760712,7991.52253687351,7343.9804991128,0.0810286193616927,8223.9132140646,7504.79291097884,"decolonization",0.64139744944669
1.21052631578947,1,0.0108790129144501,0.00611841025930748,693.604312003935,8223.77410352234,7530.1697915184,0.0843413624052315,8223.9132140646,7504.79291097884,"decolonization",0.310123145092811
1.21052631578947,1.10526315789474,0.0111813990157532,0.00630167407957788,677.054370249202,8223.62401414158,7546.56964389238,0.0823304140710859,8223.9132140646,7504.79291097884,"decolonization",0.511217978507372
1.21052631578947,1.21052631578947,0.011368395174432,0.00641863089452907,665.681580772782,8223.49716164824,7557.81558087546,0.0809487214122609,8223.9132140646,7504.79291097884,"decolonization",0.649387244389865
1.21052631578947,1.31578947368421,0.0114700191035901,0.00648656120880377,658.141000734163,8223.38227077914,7565.24127004498,0.0800328841665056,8223.9132140646,7504.79291097884,"decolonization",0.740970968965404
1.21052631578947,1.42105263157895,0.0115077790187057,0.00651785137793726,653.479340192659,8223.27829266826,7569.7989524756,0.0794670102281824,8223.9132140646,7504.79291097884,"decolonization",0.797558362797712
1.21052631578947,1.52631578947368,0.0114973458141825,0.00652152939892355,651.004300662366,8223.19285789957,7572.1885572372,0.0791668530596339,8223.9132140646,7504.79291097884,"decolonization",0.827574079652571
1.21052631578947,1.63157894736842,0.0114503086758066,0.00650424928867343,650.203101380133,8223.10352990662,7572.90042852649,0.0790702803406777,8223.9132140646,7504.79291097884,"decolonization",0.837231351548184
1.21052631578947,1.73684210526316,0.0113754643361634,0.00647106569549388,650.690502403094,8223.02036907324,7572.32986667014,0.0791303527412311,8223.9132140646,7504.79291097884,"decolonization",0.831224111492845
1.21052631578947,1.84210526315789,0.0112795305087948,0.00642582777366371,652.173325515159,8222.95563934409,7570.78231382894,0.0793113029084978,8223.9132140646,7504.79291097884,"decolonization",0.813129094766185
1.21052631578947,1.94736842105263,0.0111676669905132,0.00637147353581259,654.424655393986,8222.89584685801,7568.47119146403,0.0795856675776871,8223.9132140646,7504.79291097884,"decolonization",0.785692627847256
1.21052631578947,2.05263157894737,0.0110438914210105,0.00631028571359822,657.268418303338,8222.84525425989,7565.57683595655,0.0799319940944816,8223.9132140646,7504.79291097884,"decolonization",0.751059976167801
1.21052631578947,2.15789473684211,0.00998055695188903,0.00553119815316577,658.094986908017,7961.39273425108,7303.29774734306,0.0826607867335568,8223.9132140646,7504.79291097884,"decolonization",0.478180712260279
1.31578947368421,1,0.0111240305077452,0.00616356998410638,686.38638736943,8223.70595197989,7537.31956461047,0.0834643640443126,8223.9132140646,7504.79291097884,"decolonization",0.397822981184703
1.31578947368421,1.10526315789474,0.0113441867247937,0.00629721649672299,673.30945483132,8223.54885241313,7550.23939758181,0.0818757773456582,8223.9132140646,7504.79291097884,"decolonization",0.55668165105015
1.31578947368421,1.21052631578947,0.0114560173482482,0.00636968148520326,665.018965452046,8223.41678642774,7558.39782097569,0.0808689359573287,8223.9132140646,7504.79291097884,"decolonization",0.657365789883091
1.31578947368421,1.31578947368421,0.0114885782735858,0.00639741125381335,660.242295776029,8223.30192010773,7563.0596243317,0.0802891955312495,8223.9132140646,7504.79291097884,"decolonization",0.715339832491013
1.31578947368421,1.42105263157895,0.0114625769025829,0.00639213179196851,658.078892255156,8223.20246680546,7565.12357455031,0.0800270812875662,8223.9132140646,7504.79291097884,"decolonization",0.741551256859341
1.31578947368421,1.52631578947368,0.0113929410060262,0.00636226691588867,657.878428434105,8223.10444118856,7565.22601275446,0.0800036571515338,8223.9132140646,7504.79291097884,"decolonization",0.743893670462581
1.31578947368421,1.63157894736842,0.0112908535227297,0.00631414723278652,659.160394733394,8223.02668354934,7563.86628881595,0.0801603132399028,8223.9132140646,7504.79291097884,"decolonization",0.72822806162568
1.31578947368421,1.73684210526316,0.0111645573615462,0.00625238606613377,661.566191263239,8222.94401084002,7561.37781957679,0.0804536903560475,8223.9132140646,7504.79291097884,"decolonization",0.698890350011216
1.31578947368421,1.84210526315789,0.01102043186072,0.00618057508493604,664.82315908379,8222.87303714171,7558.04987805792,0.0808504711286268,8223.9132140646,7504.79291097884,"decolonization",0.659212272753273
1.31578947368421,1.94736842105263,0.0102048161295816,0.00560381266288866,667.089219580331,8041.38570633563,7374.29648675529,0.0829569982017833,8223.9132140646,7504.79291097884,"decolonization",0.448559565437623
1.42105263157895,1,0.0112866081631784,0.00617250973379445,681.977204660631,8223.63816573728,7541.66096107665,0.0829288924094448,8223.9132140646,7504.79291097884,"decolonization",0.45137014467147
1.42105263157895,1.10526315789474,0.0114269520251616,0.00625960104308872,672.134032701507,8223.47675325372,7551.34272055222,0.0817335602530363,8223.9132140646,7504.79291097884,"decolonization",0.570903360312325
1.42105263157895,1.21052631578947,0.0114658090641886,0.00629024756880024,666.71845258684,8223.34691912584,7556.628466539,0.0810762891489094,8223.9132140646,7504.79291097884,"decolonization",0.636630470725019
1.42105263157895,1.31578947368421,0.0114312270376623,0.0062800844610464,664.521997551243,8223.22401848368,7558.70202093244,0.0808103969997132,8223.9132140646,7504.79291097884,"decolonization",0.663219685644645
1.42105263157895,1.42105263157895,0.0113431665085603,0.00624023614726375,664.694606727116,8223.12496016021,7558.4303534331,0.0808323611701708,8223.9132140646,7504.79291097884,"decolonization",0.661023268598881
1.42105263157895,1.52631578947368,0.0112159490774975,0.0061786566524211,666.622561743084,8223.02603664329,7556.4034749002,0.081067791683073,8223.9132140646,7504.79291097884,"decolonization",0.637480217308661
1.42105263157895,1.63157894736842,0.0110602042975927,0.00610124301248584,669.857023602713,8222.94491980935,7553.08789620664,0.0814619373150615,8223.9132140646,7504.79291097884,"decolonization",0.598065654109814
1.42105263157895,1.73684210526316,0.010883760789349,0.00601231672881342,674.061827975761,8222.86274651224,7548.80091853648,0.0819741066773451,8223.9132140646,7504.79291097884,"decolonization",0.546848717881454
1.52631578947368,1,0.0113785681149504,0.00615134428854072,679.896461789707,8223.56474211568,7543.66828032597,0.0826766108264127,8223.9132140646,7504.79291097884,"decolonization",0.476598302974685
1.52631578947368,1.10526315789474,0.0114412596168459,0.00619441556376238,673.082538401819,8223.39881448895,7550.31627608713,0.0818496771938025,8223.9132140646,7504.79291097884,"decolonization",0.559291666235706
1.52631578947368,1.21052631578947,0.0114090800594889,0.00618545306246334,670.362804566107,8223.26881678441,7552.9060122183,0.081520234775475,8223.9132140646,7504.79291097884,"decolonization",0.592235908068461
1.52631578947368,1.31578947368421,0.0113091275438748,0.00613934562078384,670.589960433927,8223.15277447802,7552.5628140441,0.0815490090996751,8223.9132140646,7504.79291097884,"decolonization",0.589358475648449
1.52631578947368,1.42105263157895,0.0111605754424183,0.0060666188280951,672.958576314599,8223.04999621393,7550.09141989933,0.08183807426982,8223.9132140646,7504.79291097884,"decolonization",0.560451958633956
1.52631578947368,1.52631578947368,0.0109771465337419,0.00597478116780712,676.890586966102,8222.95065922878,7546.06007226268,0.0823172380593594,8223.9132140646,7504.79291097884,"decolonization",0.512535579680018
1.52631578947368,1.63157894736842,0.0105218789238719,0.00568693276994498,681.421633421789,8156.98127147323,7475.55963805144,0.0835384575179633,8223.9132140646,7504.79291097884,"decolonization",0.390413633819631
1.63157894736842,1,0.0114095124262588,0.00610483214172282,679.763964284785,8223.48222741048,7543.71826312569,0.0826613283140564,8223.9132140646,7504.79291097884,"decolonization",0.478126554210323
1.63157894736842,1.10526315789474,0.0113966428034684,0.00610612138367204,675.801939497572,8223.34083103175,7547.53889153418,0.0821809473039659,8223.9132140646,7504.79291097884,"decolonization",0.526164655219363
1.63157894736842,1.21052631578947,0.0112950945203253,0.00605935601144827,675.624222415031,8223.20202466552,7547.57780225049,0.082160722841114,8223.9132140646,7504.79291097884,"decolonization",0.528187101504562
1.63157894736842,1.31578947368421,0.0111312525847091,0.00597887424468824,678.138571882191,8223.07927701101,7544.94070512882,0.0824677166591402,8223.9132140646,7504.79291097884,"decolonization",0.497487719701939
1.63157894736842,1.42105263157895,0.0109235207148633,0.00587463200880601,682.582776471689,8222.97087561914,7540.38809914745,0.0830092659692528,8223.9132140646,7504.79291097884,"decolonization",0.443332788690676
1.63157894736842,1.52631578947368,0.0103383650215957,0.00550309580924256,687.647716935948,8132.78314495753,7445.13542802158,0.0845525700955523,8223.9132140646,7504.79291097884,"decolonization",0.289002376060732
1.73684210526316,1,0.0113874873444161,0.0060368399745157,681.275940760966,8223.42273692238,7542.14679616141,0.0828457884941392,8223.9132140646,7504.79291097884,"decolonization",0.459680536202045
1.73684210526316,1.10526315789474,0.0113006169822397,0.00599804193182293,680.010972688423,8223.26752760653,7543.25655491811,0.0826935242475745,8223.9132140646,7504.79291097884,"decolonization",0.474906960858501
1.73684210526316,1.21052631578947,0.0111312583701744,0.00591505751431486,682.240083190133,8223.12690930048,7540.88682611034,0.0829660165427472,8223.9132140646,7504.79291097884,"decolonization",0.447657731341233
1.73684210526316,1.31578947368421,0.0109048534839823,0.00580153679790785,686.923447206626,8223.00303891517,7536.07959170855,0.0835368105734337,8223.9132140646,7504.79291097884,"decolonization",0.390578328272595
1.73684210526316,1.42105263157895,0.0104198767957183,0.00550998787001739,692.876144556759,8166.67471699542,7473.79857243866,0.0848418932512195,8223.9132140646,7504.79291097884,"decolonization",0.260070060494011
1.84210526315789,1,0.0113188591843876,0.00595027982674102,684.185698647324,8223.35471165386,7539.16901300653,0.0832003145477501,8223.9132140646,7504.79291097884,"decolonization",0.424227930840948
1.84210526315789,1.10526315789474,0.0111595494112453,0.00587295535071017,685.481829254356,8223.19458449136,7537.71275523701,0.0833595535422631,8223.9132140646,7504.79291097884,"decolonization",0.40830403138965
1.84210526315789,1.21052631578947,0.0109237080225073,0.00575506941834038,689.999189036723,8223.05649565694,7533.05730662022,0.0839103062712935,8223.9132140646,7504.79291097884,"decolonization",0.353228758486612
1.84210526315789,1.31578947368421,0.0106358942957447,0.00560964406438455,696.746507294411,8222.93104527306,7526.18453797865,0.0847321354707134,8223.9132140646,7504.79291097884,"decolonization",0.271045838544626
1.94736842105263,1,0.0112090679770928,0.0058475978038272,688.291766552791,8223.28529790835,7534.99353135556,0.0837003389299728,8223.9132140646,7504.79291097884,"decolonization",0.374225492618685
1.94736842105263,1.10526315789474,0.0109786715597988,0.00573307375665257,692.028094152243,8223.12486652864,7531.0967723764,0.0841563402459168,8223.9132140646,7504.79291097884,"decolonization",0.328625361024282
1.94736842105263,1.21052631578947,0.0106774840194517,0.00558139664862041,698.728244717391,8222.98617315491,7524.25792843752,0.0849725671433679,8223.9132140646,7504.79291097884,"decolonization",0.247002671279173
2.05263157894737,1,0.0110627008742846,0.00573082035024228,693.426973938536,8223.22717385977,7529.80019992124,0.0843254064709317,8223.9132140646,7504.79291097884,"decolonization",0.311718738522793
2.05263157894737,1.10526315789474,0.0107623030879424,0.00558017562137523,699.495703608554,8223.05607454995,7523.5603709414,0.0850651749504016,8223.9132140646,7504.79291097884,"decolonization",0.237741890575804
2.05263157894737,1.21052631578947,0.0097720729636622,0.00497173775099146,706.933681485712,8072.74389166396,7365.81021017825,0.0875704334205005,8223.9132140646,7504.79291097884,"decolonization",-0.0127839564340926
2.15789473684211,1,0.0108833769616648,0.00560146152843864,699.452376957693,8223.15356212955,7523.70118517186,0.085058897620362,8223.9132140646,7504.79291097884,"decolonization",0.238369623579759
2.15789473684211,1.10526315789474,0.0105140611870651,0.00541570734476409,707.758214681653,8222.99308809469,7515.23487341303,0.0860706323232049,8223.9132140646,7504.79291097884,"decolonization",0.137196153295471
2.26315789473684,1,0.0106743910696659,0.00546092617058848,706.251591660583,8223.08448390245,7516.83289224187,0.0858864569667434,8223.9132140646,7504.79291097884,"decolonization",0.155613688941625
2.26315789473684,1.10526315789474,0.00929050346380013,0.00461890779579975,714.601446049791,8003.85376839274,7289.25232234295,0.0892821716548291,8223.9132140646,7504.79291097884,"decolonization",-0.18395777986695
2.36842105263158,1,0.0104383990941063,0.00531029656971198,713.726692197029,8223.01762675363,7509.2909345566,0.0867962011749695,8223.9132140646,7504.79291097884,"decolonization",0.0646392681190155
2.47368421052632,1,0.00942293586151325,0.0046588726830818,720.226009691504,8050.36571563158,7330.13970594007,0.0894650050857969,8223.9132140646,7504.79291097884,"decolonization",-0.202241122963731
